{
  "mean_reward": 226.37469604798025,
  "std_reward": 95.05645913585323,
  "mean_episode_length": 128.875,
  "std_episode_length": 37.11279260578487,
  "success_rate": 0.625,
  "collision_rate": 0.375,
  "safety_violation_rate": 0.375,
  "timeout_rate": 0.0,
  "mean_path_length": 24.518541901372373,
  "mean_final_goal_dist": 2.9617966786026955,
  "mean_min_collision_clearance": 0.2305384874343872,
  "mean_min_safety_clearance": -0.019461512565612793,
  "success_mean_reward": 299.90521415509863,
  "success_mean_episode_length": 157.6,
  "timesteps": 2425000,
  "curriculum_stage": 4
}