{
  "dataset_samples": 25000,
  "dataset_seed": 7,
  "features": [
    "goal_dx",
    "goal_dy",
    "vx",
    "vy",
    "repulsion_x",
    "repulsion_y"
  ],
  "sparse_linear": {
    "action_x": {
      "r2": 0.5400242209434509,
      "intercept": 0.02411621872392486,
      "coefficients": {
        "goal_dx": 0.12036447172446965,
        "goal_dy": 0.0020263487455925225,
        "vx": -0.04759562135308514,
        "vy": 0.030730962436526277,
        "repulsion_x": 7.418981323762553e-06,
        "repulsion_y": 1.6977875301721994e-06
      },
      "scaled_intercept": 0.023064589127898216,
      "scaled_coefficients": {
        "goal_dx": 0.6260970234870911,
        "goal_dy": 0.010531176812946796,
        "vx": -0.04118034988641739,
        "vy": 0.02656516619026661,
        "repulsion_x": 0.012621965259313583,
        "repulsion_y": 0.00288250925950706
      },
      "active_terms": [
        {
          "label": "goal_dx",
          "coef": 0.12036447172446965
        },
        {
          "label": "vx",
          "coef": -0.04759562135308514
        },
        {
          "label": "vy",
          "coef": 0.030730962436526277
        }
      ],
      "equation": "action_x = 0.0241 + 0.1204 * goal_dx - 0.0476 * vx + 0.0307 * vy"
    },
    "action_y": {
      "r2": 0.7040838003158569,
      "intercept": -0.2705862513324326,
      "coefficients": {
        "goal_dx": 0.0,
        "goal_dy": 0.13396257069855502,
        "vx": 0.007953661157966425,
        "vy": 0.0,
        "repulsion_x": 7.61610401924547e-07,
        "repulsion_y": 1.3772350456959427e-05
      },
      "scaled_intercept": -0.2717362642288208,
      "scaled_coefficients": {
        "goal_dx": 0.0,
        "goal_dy": 0.6962195038795471,
        "vx": 0.006881610956043005,
        "vy": 0.0,
        "repulsion_x": 0.001295733149163425,
        "repulsion_y": 0.02338274195790291
      },
      "active_terms": [
        {
          "label": "goal_dy",
          "coef": 0.13396257069855502
        }
      ],
      "equation": "action_y = -0.2706 + 0.1340 * goal_dy"
    }
  },
  "decision_tree": {
    "action_x": {
      "r2": 0.8238066497599836,
      "rules": "|-- goal_dx <= -1.173\n|  |-- goal_dy <= -5.703\n|  |  |-- goal_dx <= -5.721\n|  |  |  |-- value: [-0.702]\n|  |  |-- goal_dx >  -5.721\n|  |  |  |-- value: [0.763]\n|  |-- goal_dy >  -5.703\n|  |  |-- goal_dx <= -2.987\n|  |  |  |-- value: [-0.905]\n|  |  |-- goal_dx >  -2.987\n|  |  |  |-- value: [-0.422]\n|-- goal_dx >  -1.173\n|  |-- goal_dy <= -1.680\n|  |  |-- goal_dy <= -5.670\n|  |  |  |-- value: [0.918]\n|  |  |-- goal_dy >  -5.670\n|  |  |  |-- value: [-0.399]\n|  |-- goal_dy >  -1.680\n|  |  |-- goal_dx <= 2.174\n|  |  |  |-- value: [0.388]\n|  |  |-- goal_dx >  2.174\n|  |  |  |-- value: [0.931]\n"
    },
    "action_y": {
      "r2": 0.8469187332261223,
      "rules": "|-- goal_dy <= 0.883\n|  |-- goal_dy <= -0.751\n|  |  |-- goal_dy <= -1.357\n|  |  |  |-- value: [-0.998]\n|  |  |-- goal_dy >  -1.357\n|  |  |  |-- value: [-0.886]\n|  |-- goal_dy >  -0.751\n|  |  |-- goal_dx <= -1.950\n|  |  |  |-- value: [-0.961]\n|  |  |-- goal_dx >  -1.950\n|  |  |  |-- value: [-0.268]\n|-- goal_dy >  0.883\n|  |-- repulsion_y <= -0.163\n|  |  |-- goal_dx <= 4.007\n|  |  |  |-- value: [0.313]\n|  |  |-- goal_dx >  4.007\n|  |  |  |-- value: [-0.368]\n|  |-- repulsion_y >  -0.163\n|  |  |-- goal_dy <= 2.218\n|  |  |  |-- value: [0.126]\n|  |  |-- goal_dy >  2.218\n|  |  |  |-- value: [0.793]\n"
    }
  }
}