{
  "mean_reward": 566.8930767447222,
  "std_reward": 116.95021492995205,
  "mean_episode_length": 314.0,
  "std_episode_length": 45.05774073341894,
  "success_rate": 1.0,
  "collision_rate": 0.0,
  "safety_violation_rate": 0.4,
  "timeout_rate": 0.0,
  "mean_path_length": 45.118252518191,
  "mean_final_goal_dist": 0.6602929115295411,
  "mean_min_collision_clearance": 0.7536305665969849,
  "mean_min_safety_clearance": 0.503630542755127,
  "success_mean_reward": 566.8930767447222,
  "success_mean_episode_length": 314.0,
  "timesteps": 6300000,
  "curriculum_stage": 4
}