{
  "curriculum_stage": 4,
  "seeds": [
    42,
    43,
    44,
    45
  ],
  "algorithms": [
    {
      "algo": "sac",
      "label": "SAC",
      "model_path": "E:\\gym-pybullet-drones\\gym_pybullet_drones\\examples\\runs\\static_nav\\sac_modified_static_nav_sac_30m_curriculum_v5_seed0_20260313-003023\\best_model\\best_model.zip",
      "equation_json": "E:\\gym-pybullet-drones\\gym_pybullet_drones\\examples\\runs\\static_nav\\sac_modified_static_nav_sac_30m_curriculum_v5_seed0_20260313-003023\\policy_analysis\\shap_equation\\shap_distillation_equation.json",
      "equations": {
        "action_x": "Action X = 0.0013 + 0.0249 * goal_dx + 0.0572 * vx + 0.0087 * repulsion_x",
        "action_y": "Action Y = -0.0417 + 0.0341 * goal_dy + 0.0528 * vy + 0.0172 * repulsion_y",
        "r2_full": 0.8099991679191589,
        "r2_x": 0.8445065021514893,
        "r2_y": 0.7754924297332764,
        "mae": 0.1057787612080574,
        "candidate": "linear_spring_thr4.5"
      },
      "policy_summary": {
        "successes": 4,
        "collisions": 0,
        "timeouts": 0,
        "mean_goal_dist": 0.7507923096418381,
        "mean_path_length": 17.031805515289307,
        "mean_reward": 894.2826654442404,
        "mean_steps": 474.5
      },
      "equation_summary": {
        "successes": 1,
        "collisions": 3,
        "timeouts": 0,
        "mean_goal_dist": 5.383299171924591,
        "mean_path_length": 8.607458114624023,
        "mean_reward": 194.34240763888567,
        "mean_steps": 152.0
      },
      "trajectory_match_summary": {
        "mean_resampled_l2": 5.802173286676407,
        "max_resampled_l2": 11.184188842773438,
        "mean_endpoint_distance": 4.947100538760424
      },
      "policy_episodes": [
        {
          "success": true,
          "collision": false,
          "timeout": false,
          "goal_dist": 0.6629571318626404,
          "steps": 809,
          "path_length": 22.294086456298828,
          "total_reward": 1492.0090562668959,
          "seed": 42
        },
        {
          "success": true,
          "collision": false,
          "timeout": false,
          "goal_dist": 0.8112438917160034,
          "steps": 334,
          "path_length": 15.310014724731445,
          "total_reward": 627.9781385869553,
          "seed": 43
        },
        {
          "success": true,
          "collision": false,
          "timeout": false,
          "goal_dist": 0.7733421921730042,
          "steps": 448,
          "path_length": 16.575546264648438,
          "total_reward": 845.7436338555549,
          "seed": 44
        },
        {
          "success": true,
          "collision": false,
          "timeout": false,
          "goal_dist": 0.7556260228157043,
          "steps": 307,
          "path_length": 13.947574615478516,
          "total_reward": 611.3998330675552,
          "seed": 45
        }
      ],
      "equation_episodes": [
        {
          "success": false,
          "collision": true,
          "timeout": false,
          "goal_dist": 6.829473495483398,
          "steps": 119,
          "path_length": 7.162345886230469,
          "total_reward": 104.17207829902928,
          "seed": 42
        },
        {
          "success": false,
          "collision": true,
          "timeout": false,
          "goal_dist": 6.970703601837158,
          "steps": 114,
          "path_length": 6.983436107635498,
          "total_reward": 111.16064089449814,
          "seed": 43
        },
        {
          "success": false,
          "collision": true,
          "timeout": false,
          "goal_dist": 7.093632698059082,
          "steps": 112,
          "path_length": 6.849836826324463,
          "total_reward": 113.14927774196764,
          "seed": 44
        },
        {
          "success": true,
          "collision": false,
          "timeout": false,
          "goal_dist": 0.6393868923187256,
          "steps": 263,
          "path_length": 13.434213638305664,
          "total_reward": 448.88763362004767,
          "seed": 45
        }
      ],
      "trajectory_match_episodes": [
        {
          "mean_resampled_l2": 8.114657402038574,
          "max_resampled_l2": 11.184188842773438,
          "endpoint_distance": 6.429442882537842,
          "seed": 42
        },
        {
          "mean_resampled_l2": 6.033761024475098,
          "max_resampled_l2": 9.076272964477539,
          "endpoint_distance": 6.534478187561035,
          "seed": 43
        },
        {
          "mean_resampled_l2": 7.117823600769043,
          "max_resampled_l2": 10.219890594482422,
          "endpoint_distance": 6.702288627624512,
          "seed": 44
        },
        {
          "mean_resampled_l2": 1.9424511194229126,
          "max_resampled_l2": 4.328391075134277,
          "endpoint_distance": 0.12219245731830597,
          "seed": 45
        }
      ]
    },
    {
      "algo": "td3",
      "label": "TD3",
      "model_path": "E:\\gym-pybullet-drones\\gym_pybullet_drones\\examples\\runs\\kf_nav_suite\\kf_baselines_20260314-164705\\runs\\td3_modified_static_nav_kf_baselines_20260314-173657\\best_model\\best_model.zip",
      "equation_json": "E:\\gym-pybullet-drones\\gym_pybullet_drones\\examples\\runs\\kf_nav_suite\\kf_baselines_20260314-164705\\runs\\td3_modified_static_nav_kf_baselines_20260314-173657\\policy_analysis\\shap_equation\\shap_distillation_equation.json",
      "equations": {
        "action_x": "Action X = -0.0649 + 0.4012 * goal_dx + 0.0549 * vx - 0.8803 * repulsion_x + 1.1576 * repulsion_x_gate + 0.3748 * uav_x - 0.0089 * uav_y + 0.0732 * danger_gate",
        "action_y": "Action Y = -0.0145 + 0.1173 * goal_dy + 0.0613 * vy + 1.2705 * repulsion_y - 2.0142 * repulsion_y_gate + 0.0961 * uav_y + 0.2688 * goal_dx + 0.2576 * uav_x",
        "r2_full": 0.8326132297515869,
        "r2_x": 0.7629190683364868,
        "r2_y": 0.9023012518882751,
        "mae": 0.06298404186964035,
        "candidate": "exp_decay_2.0_thr4.5"
      },
      "policy_summary": {
        "successes": 4,
        "collisions": 0,
        "timeouts": 0,
        "mean_goal_dist": 0.649498775601387,
        "mean_path_length": 23.800753355026245,
        "mean_reward": 2878.0620440399316,
        "mean_steps": 1291.0
      },
      "equation_summary": {
        "successes": 0,
        "collisions": 4,
        "timeouts": 0,
        "mean_goal_dist": 5.460463464260101,
        "mean_path_length": 8.967861533164978,
        "mean_reward": 61.798769148173065,
        "mean_steps": 160.0
      },
      "trajectory_match_summary": {
        "mean_resampled_l2": 7.075343132019043,
        "max_resampled_l2": 12.999747276306152,
        "mean_endpoint_distance": 5.01183420419693
      },
      "policy_episodes": [
        {
          "success": true,
          "collision": false,
          "timeout": false,
          "goal_dist": 0.6499008536338806,
          "steps": 1518,
          "path_length": 26.849014282226562,
          "total_reward": 3329.285963362763,
          "seed": 42
        },
        {
          "success": true,
          "collision": false,
          "timeout": false,
          "goal_dist": 0.6492952704429626,
          "steps": 779,
          "path_length": 19.22049331665039,
          "total_reward": 1706.858030127551,
          "seed": 43
        },
        {
          "success": true,
          "collision": false,
          "timeout": false,
          "goal_dist": 0.6488825082778931,
          "steps": 2583,
          "path_length": 35.47369384765625,
          "total_reward": 5870.101634369346,
          "seed": 44
        },
        {
          "success": true,
          "collision": false,
          "timeout": false,
          "goal_dist": 0.6499164700508118,
          "steps": 284,
          "path_length": 13.659811973571777,
          "total_reward": 606.002548300066,
          "seed": 45
        }
      ],
      "equation_episodes": [
        {
          "success": false,
          "collision": true,