{
  "curriculum_stage": 4,
  "seeds": [
    42,
    43,
    44,
    45
  ],
  "algorithms": [
    {
      "algo": "sac",
      "label": "SAC",
      "model_path": "E:\\gym-pybullet-drones\\gym_pybullet_drones\\examples\\runs\\static_nav\\sac_modified_static_nav_sac_30m_curriculum_v5_seed0_20260313-003023\\best_model\\best_model.zip",
      "equation_json": "E:\\gym-pybullet-drones\\gym_pybullet_drones\\examples\\runs\\static_nav\\sac_modified_static_nav_sac_30m_curriculum_v5_seed0_20260313-003023\\policy_analysis\\shap_equation\\shap_distillation_equation.json",
      "equations": {
        "action_x": "Action X = 0.0427 + 0.1442 * goal_dx - 0.0120 * vx + 0.4725 * repulsion_x",
        "action_y": "Action Y = -0.0624 + 0.1144 * goal_dy + 0.6592 * repulsion_y",
        "r2_full": 0.6237362623214722,
        "r2_x": 0.7038306593894958,
        "r2_y": 0.5436402559280396,
        "mae": 0.3857128322124481,
        "candidate": "exp_decay_0.5_thr4.5"
      },
      "policy_summary": {
        "successes": 4,
        "collisions": 0,
        "timeouts": 0,
        "mean_goal_dist": 0.7507923096418381,
        "mean_path_length": 17.031805515289307,
        "mean_reward": 894.2826654442404,
        "mean_steps": 474.5
      },
      "equation_summary": {
        "successes": 4,
        "collisions": 0,
        "timeouts": 0,
        "mean_goal_dist": 0.6472741514444351,
        "mean_path_length": 15.442356586456299,
        "mean_reward": 486.6760446222671,
        "mean_steps": 566.5
      },
      "trajectory_match_summary": {
        "mean_resampled_l2": 2.153939366340637,
        "max_resampled_l2": 5.025389194488525,
        "mean_endpoint_distance": 0.7948599737137556
      },
      "policy_episodes": [
        {
          "success": true,
          "collision": false,
          "timeout": false,
          "goal_dist": 0.6629571318626404,
          "steps": 809,
          "path_length": 22.294086456298828,
          "total_reward": 1492.0090562668959,
          "seed": 42
        },
        {
          "success": true,
          "collision": false,
          "timeout": false,
          "goal_dist": 0.8112438917160034,
          "steps": 334,
          "path_length": 15.310014724731445,
          "total_reward": 627.9781385869553,
          "seed": 43
        },
        {
          "success": true,
          "collision": false,
          "timeout": false,
          "goal_dist": 0.7733421921730042,
          "steps": 448,
          "path_length": 16.575546264648438,
          "total_reward": 845.7436338555549,
          "seed": 44
        },
        {
          "success": true,
          "collision": false,
          "timeout": false,
          "goal_dist": 0.7556260228157043,
          "steps": 307,
          "path_length": 13.947574615478516,
          "total_reward": 611.3998330675552,
          "seed": 45
        }
      ],
      "equation_episodes": [
        {
          "success": true,
          "collision": false,
          "timeout": false,
          "goal_dist": 0.6460291147232056,
          "steps": 604,
          "path_length": 15.644107818603516,
          "total_reward": 579.5720699698577,
          "seed": 42
        },
        {
          "success": true,
          "collision": false,
          "timeout": false,
          "goal_dist": 0.648836612701416,
          "steps": 586,
          "path_length": 16.014934539794922,
          "total_reward": 332.00730204046585,
          "seed": 43
        },
        {
          "success": true,
          "collision": false,
          "timeout": false,
          "goal_dist": 0.6445255875587463,
          "steps": 587,
          "path_length": 15.967381477355957,
          "total_reward": 349.43125332720007,
          "seed": 44
        },
        {
          "success": true,
          "collision": false,
          "timeout": false,
          "goal_dist": 0.6497052907943726,
          "steps": 489,
          "path_length": 14.1430025100708,
          "total_reward": 685.693553151545,
          "seed": 45
        }
      ],
      "trajectory_match_episodes": [
        {
          "mean_resampled_l2": 2.492650270462036,
          "max_resampled_l2": 5.025389194488525,
          "endpoint_distance": 0.09737750142812729,
          "seed": 42
        },
        {
          "mean_resampled_l2": 2.816673517227173,
          "max_resampled_l2": 4.564242362976074,
          "endpoint_distance": 1.4261016845703125,
          "seed": 43
        },
        {
          "mean_resampled_l2": 2.7277004718780518,
          "max_resampled_l2": 4.695968151092529,
          "endpoint_distance": 1.384526252746582,
          "seed": 44
        },
        {
          "mean_resampled_l2": 0.5787332057952881,
          "max_resampled_l2": 1.2496516704559326,
          "endpoint_distance": 0.2714344561100006,
          "seed": 45
        }
      ]
    },
    {
      "algo": "td3",
      "label": "TD3",
      "model_path": "E:\\gym-pybullet-drones\\gym_pybullet_drones\\examples\\runs\\kf_nav_suite\\kf_baselines_20260314-164705\\runs\\td3_modified_static_nav_kf_baselines_20260314-173657\\best_model\\best_model.zip",
      "equation_json": "E:\\gym-pybullet-drones\\gym_pybullet_drones\\examples\\runs\\kf_nav_suite\\kf_baselines_20260314-164705\\runs\\td3_modified_static_nav_kf_baselines_20260314-173657\\policy_analysis\\shap_equation\\shap_distillation_equation.json",
      "equations": {
        "action_x": "Action X = -0.0649 + 0.4012 * goal_dx + 0.0549 * vx - 0.8803 * repulsion_x + 1.1576 * repulsion_x_gate + 0.3748 * uav_x - 0.0089 * uav_y + 0.0732 * danger_gate",
        "action_y": "Action Y = -0.0145 + 0.1173 * goal_dy + 0.0613 * vy + 1.2705 * repulsion_y - 2.0142 * repulsion_y_gate + 0.0961 * uav_y + 0.2688 * goal_dx + 0.2576 * uav_x",
        "r2_full": 0.8326132297515869,
        "r2_x": 0.7629190683364868,
        "r2_y": 0.9023012518882751,
        "mae": 0.06298404186964035,
        "candidate": "exp_decay_2.0_thr4.5"
      },
      "policy_summary": {
        "successes": 4,
        "collisions": 0,
        "timeouts": 0,
        "mean_goal_dist": 0.649498775601387,
        "mean_path_length": 23.800753355026245,
        "mean_reward": 2878.0620440399316,
        "mean_steps": 1291.0
      },
      "equation_summary": {
        "successes": 0,
        "collisions": 4,
        "timeouts": 0,
        "mean_goal_dist": 5.460463464260101,
        "mean_path_length": 8.967861533164978,
        "mean_reward": 61.798769148173065,
        "mean_steps": 160.0
      },
      "trajectory_match_summary": {
        "mean_resampled_l2": 7.075343132019043,
        "max_resampled_l2": 12.999747276306152,
        "mean_endpoint_distance": 5.01183420419693
      },
      "policy_episodes": [
        {
          "success": true,
          "collision": false,
          "timeout": false,
          "goal_dist": 0.6499008536338806,
          "steps": 1518,
          "path_length": 26.849014282226562,
          "total_reward": 3329.285963362763,
          "seed": 42
        },
        {
          "success": true,
          "collision": false,
          "timeout": false,
          "goal_dist": 0.6492952704429626,
          "steps": 779,
          "path_length": 19.22049331665039,
          "total_reward": 1706.858030127551,
          "seed": 43
        },
        {
          "success": true,
          "collision": false,
          "timeout": false,
          "goal_dist": 0.6488825082778931,
          "steps": 2583,
          "path_length": 35.47369384765625,
          "total_reward": 5870.101634369346,
          "seed": 44
        },
        {
          "success": true,
          "collision": false,
          "timeout": false,
          "goal_dist": 0.6499164700508118,
          "steps": 284,
          "path_length": 13.659811973571777,
          "total_reward": 606.002548300066,
          "seed": 45
        }
      ],
      "equation_episodes": [
        {
          "success": false,
          "collision": true,