{
  "curriculum_stage": 4,
  "seeds": [
    42,
    43,
    44,
    45
  ],
  "algorithms": [
    {
      "algo": "td3",
      "label": "TD3",
      "model_path": "E:\\gym-pybullet-drones\\gym_pybullet_drones\\examples\\runs\\kf_nav_suite\\kf_baselines_20260314-164705\\runs\\td3_modified_static_nav_kf_baselines_20260314-173657\\best_model\\best_model.zip",
      "distillation_summary": "E:\\gym-pybullet-drones\\gym_pybullet_drones\\examples\\runs\\kf_nav_suite\\kf_baselines_20260314-164705\\runs\\td3_modified_static_nav_kf_baselines_20260314-173657\\policy_analysis\\distill\\distillation_summary.json",
      "equations": {
        "action_x": "action_x = 0.0482 + 0.1120 * goal_dx + 0.0828 * goal_dy",
        "action_y": "action_y = 0.1099 + 0.1500 * goal_dy",
        "r2_x": 0.6973713040351868,
        "r2_y": 0.7334139347076416
      },
      "policy_summary": {
        "successes": 4,
        "collisions": 0,
        "timeouts": 0,
        "mean_goal_dist": 0.649498775601387,
        "mean_path_length": 23.800753355026245,
        "mean_reward": 2878.0620440399316,
        "mean_steps": 1291.0
      },
      "equation_summary": {
        "successes": 2,
        "collisions": 2,
        "timeouts": 0,
        "mean_goal_dist": 3.585240215063095,
        "mean_path_length": 10.979604363441467,
        "mean_reward": 531.0605705303742,
        "mean_steps": 367.25
      },
      "trajectory_match_summary": {
        "mean_resampled_l2": 4.804755389690399,
        "max_resampled_l2": 12.34293270111084,
        "mean_endpoint_distance": 3.391952693462372
      },
      "policy_episodes": [
        {
          "success": true,
          "collision": false,
          "timeout": false,
          "goal_dist": 0.6499008536338806,
          "steps": 1518,
          "path_length": 26.849014282226562,
          "total_reward": 3329.285963362763,
          "seed": 42
        },
        {
          "success": true,
          "collision": false,
          "timeout": false,
          "goal_dist": 0.6492952704429626,
          "steps": 779,
          "path_length": 19.22049331665039,
          "total_reward": 1706.858030127551,
          "seed": 43
        },
        {
          "success": true,
          "collision": false,
          "timeout": false,
          "goal_dist": 0.6488825082778931,
          "steps": 2583,
          "path_length": 35.47369384765625,
          "total_reward": 5870.101634369346,
          "seed": 44
        },
        {
          "success": true,
          "collision": false,
          "timeout": false,
          "goal_dist": 0.6499164700508118,
          "steps": 284,
          "path_length": 13.659811973571777,
          "total_reward": 606.002548300066,
          "seed": 45
        }
      ],
      "equation_episodes": [
        {
          "success": false,
          "collision": true,
          "timeout": false,
          "goal_dist": 6.988158226013184,
          "steps": 81,
          "path_length": 6.9233479499816895,
          "total_reward": 99.10704636962306,
          "seed": 42
        },
        {
          "success": true,
          "collision": false,
          "timeout": false,
          "goal_dist": 0.8034723997116089,
          "steps": 639,
          "path_length": 14.415525436401367,
          "total_reward": 946.0510152888909,
          "seed": 43
        },
        {
          "success": true,
          "collision": false,
          "timeout": false,
          "goal_dist": 0.7974209785461426,
          "steps": 642,
          "path_length": 14.350311279296875,
          "total_reward": 952.4644255725885,
          "seed": 44
        },
        {
          "success": false,
          "collision": true,
          "timeout": false,
          "goal_dist": 5.751909255981445,
          "steps": 107,
          "path_length": 8.229232788085938,
          "total_reward": 126.61979489039405,
          "seed": 45
        }
      ],
      "trajectory_match_episodes": [
        {
          "mean_resampled_l2": 8.865586280822754,
          "max_resampled_l2": 12.34293270111084,
          "endpoint_distance": 6.384778022766113,
          "seed": 42
        },
        {
          "mean_resampled_l2": 2.124920606613159,
          "max_resampled_l2": 5.36501407623291,
          "endpoint_distance": 0.9828645586967468,
          "seed": 43
        },
        {
          "mean_resampled_l2": 3.234842300415039,
          "max_resampled_l2": 10.267037391662598,
          "endpoint_distance": 0.995056688785553,
          "seed": 44
        },
        {
          "mean_resampled_l2": 4.9936723709106445,
          "max_resampled_l2": 7.418519020080566,
          "endpoint_distance": 5.205111503601074,
          "seed": 45
        }
      ]
    },
    {
      "algo": "ddpg",
      "label": "DDPG",
      "model_path": "E:\\gym-pybullet-drones\\gym_pybullet_drones\\examples\\runs\\kf_nav_suite\\kf_baselines_20260314-164705\\runs\\ddpg_modified_static_nav_kf_stage4_optuna_20260314-204207\\best_model\\best_model.zip",
      "distillation_summary": "E:\\gym-pybullet-drones\\gym_pybullet_drones\\examples\\runs\\kf_nav_suite\\kf_baselines_20260314-164705\\runs\\ddpg_modified_static_nav_kf_stage4_optuna_20260314-204207\\policy_analysis\\distill\\distillation_summary.json",
      "equations": {
        "action_x": "action_x = 0.3151 + 0.0992 * goal_dx - 0.0552 * goal_dy - 0.0510 * vx + 0.0293 * vy",
        "action_y": "action_y = -0.1786 + 0.1332 * goal_dy + 0.0194 * vx",
        "r2_x": 0.5537550449371338,
        "r2_y": 0.626735270023346
      },
      "policy_summary": {
        "successes": 4,
        "collisions": 0,
        "timeouts": 0,
        "mean_goal_dist": 0.6716940850019455,
        "mean_path_length": 17.454057216644287,
        "mean_reward": 569.6761658577088,
        "mean_steps": 418.75
      },
      "equation_summary": {
        "successes": 0,
        "collisions": 4,
        "timeouts": 0,
        "mean_goal_dist": 6.9241416454315186,
        "mean_path_length": 7.43350350856781,
        "mean_reward": 93.32841946093797,
        "mean_steps": 127.25
      },
      "trajectory_match_summary": {
        "mean_resampled_l2": 5.857859969139099,
        "max_resampled_l2": 8.41584587097168,
        "mean_endpoint_distance": 6.65899384021759
      },
      "policy_episodes": [
        {
          "success": true,
          "collision": false,
          "timeout": false,
          "goal_dist": 0.7475534677505493,
          "steps": 447,
          "path_length": 15.689709663391113,
          "total_reward": 477.597940743222,
          "seed": 42
        },
        {
          "success": true,
          "collision": false,
          "timeout": false,
          "goal_dist": 0.6464284062385559,
          "steps": 424,
          "path_length": 20.553939819335938,
          "total_reward": 550.7528036590344,
          "seed": 43
        },
        {
          "success": true,
          "collision": false,
          "timeout": false,
          "goal_dist": 0.6487530469894409,
          "steps": 419,
          "path_length": 19.770973205566406,
          "total_reward": 547.1841774290215,
          "seed": 44
        },
        {
          "success": true,
          "collision": false,
          "timeout": false,
          "goal_dist": 0.6440414190292358,
          "steps": 385,
          "path_length": 13.801606178283691,
          "total_reward": 703.1697415995576,
          "seed": 45
        }
      ],
      "equation_episodes": [
        {
          "success": false,
          "collision": true,
          "timeout": false,
          "goal_dist": 7.106158256530762,
          "steps": 115,
          "path_length": 6.9077348709106445,
          "total_reward": 101.71321222760761,
          "seed": 42
        },
        {
          "success": false,
          "collision": true,
          "timeout": false,
          "goal_dist": 6.852695941925049,
          "steps": 115,
          "path_length": 7.09326696395874,