{
  "curriculum_stage": 4,
  "seeds": [
    42,
    43,
    44,
    45
  ],
  "algorithms": [
    {
      "algo": "td3",
      "label": "TD3",
      "model_path": "E:\\gym-pybullet-drones\\gym_pybullet_drones\\examples\\runs\\kf_nav_suite\\kf_baselines_20260314-164705\\runs\\td3_modified_static_nav_kf_baselines_20260314-173657\\checkpoints\\td3_static_nav_250000_steps.zip",
      "distillation_summary": "E:\\gym-pybullet-drones\\policy_analysis\\td3_250k_distill\\distillation_summary.json",
      "equations": {
        "action_x": "action_x = -0.1436 + 0.1516 * goal_dx + 0.0373 * goal_dy",
        "action_y": "action_y = -0.2777 - 0.0416 * goal_dx + 0.1336 * goal_dy - 0.0205 * vx",
        "r2_x": 0.7648789882659912,
        "r2_y": 0.643308162689209
      },
      "policy_summary": {
        "successes": 4,
        "collisions": 0,
        "timeouts": 0,
        "mean_goal_dist": 0.643010750412941,
        "mean_path_length": 14.872916221618652,
        "mean_reward": 448.06955609472766,
        "mean_steps": 278.0
      },
      "equation_summary": {
        "successes": 0,
        "collisions": 1,
        "timeouts": 3,
        "mean_goal_dist": 2.2900962829589844,
        "mean_path_length": 25.897849082946777,
        "mean_reward": -2972.7323661389614,
        "mean_steps": 3334.0
      },
      "trajectory_match_summary": {
        "mean_resampled_l2": 4.915313303470612,
        "max_resampled_l2": 13.462445259094238,
        "mean_endpoint_distance": 2.111607253551483
      },
      "policy_episodes": [
        {
          "success": true,
          "collision": false,
          "timeout": false,
          "goal_dist": 0.6471733450889587,
          "steps": 370,
          "path_length": 15.843954086303711,
          "total_reward": 472.9590689270592,
          "seed": 42
        },
        {
          "success": true,
          "collision": false,
          "timeout": false,
          "goal_dist": 0.6386093497276306,
          "steps": 259,
          "path_length": 14.8059720993042,
          "total_reward": 447.57690081853286,
          "seed": 43
        },
        {
          "success": true,
          "collision": false,
          "timeout": false,
          "goal_dist": 0.6407085657119751,
          "steps": 258,
          "path_length": 14.79748249053955,
          "total_reward": 447.69598366324357,
          "seed": 44
        },
        {
          "success": true,
          "collision": false,
          "timeout": false,
          "goal_dist": 0.6455517411231995,
          "steps": 225,
          "path_length": 14.044256210327148,
          "total_reward": 424.0462709700751,
          "seed": 45
        }
      ],
      "equation_episodes": [
        {
          "success": false,
          "collision": false,
          "timeout": true,
          "goal_dist": 2.2469711303710938,
          "steps": 4320,
          "path_length": 27.717208862304688,
          "total_reward": -3283.5902154304886,
          "seed": 42
        },
        {
          "success": false,
          "collision": true,
          "timeout": false,
          "goal_dist": 2.4271938800811768,
          "steps": 376,
          "path_length": 15.12447738647461,
          "total_reward": -137.36026116427774,
          "seed": 43
        },
        {
          "success": false,
          "collision": false,
          "timeout": true,
          "goal_dist": 2.2389438152313232,
          "steps": 4320,
          "path_length": 29.73589324951172,
          "total_reward": -4247.308385965528,
          "seed": 44
        },
        {
          "success": false,
          "collision": false,
          "timeout": true,
          "goal_dist": 2.2472763061523438,
          "steps": 4320,
          "path_length": 31.013816833496094,
          "total_reward": -4222.670601995551,
          "seed": 45
        }
      ],
      "trajectory_match_episodes": [
        {
          "mean_resampled_l2": 4.289419651031494,
          "max_resampled_l2": 9.401556968688965,
          "endpoint_distance": 1.6082031726837158,
          "seed": 42
        },
        {
          "mean_resampled_l2": 2.0851027965545654,
          "max_resampled_l2": 3.4162230491638184,
          "endpoint_distance": 2.2061071395874023,
          "seed": 43
        },
        {
          "mean_resampled_l2": 6.445084095001221,
          "max_resampled_l2": 13.09084415435791,
          "endpoint_distance": 2.1736345291137695,
          "seed": 44
        },
        {
          "mean_resampled_l2": 6.841646671295166,
          "max_resampled_l2": 13.462445259094238,
          "endpoint_distance": 2.458484172821045,
          "seed": 45
        }
      ]
    },
    {
      "algo": "ddpg",
      "label": "DDPG",
      "model_path": "E:\\gym-pybullet-drones\\gym_pybullet_drones\\examples\\runs\\kf_nav_suite\\kf_baselines_20260314-164705\\runs\\ddpg_modified_static_nav_kf_stage4_optuna_20260314-204207\\checkpoints\\ddpg_static_nav_750000_steps.zip",
      "distillation_summary": "E:\\gym-pybullet-drones\\policy_analysis\\ddpg_750k_distill\\distillation_summary.json",
      "equations": {
        "action_x": "action_x = 0.0241 + 0.1204 * goal_dx - 0.0476 * vx + 0.0307 * vy",
        "action_y": "action_y = -0.2706 + 0.1340 * goal_dy",
        "r2_x": 0.5400242209434509,
        "r2_y": 0.7040838003158569
      },
      "policy_summary": {
        "successes": 4,
        "collisions": 0,
        "timeouts": 0,
        "mean_goal_dist": 0.6451335698366165,
        "mean_path_length": 15.817361831665039,
        "mean_reward": 575.0386440893238,
        "mean_steps": 439.0
      },
      "equation_summary": {
        "successes": 0,
        "collisions": 1,
        "timeouts": 3,
        "mean_goal_dist": 3.327237546443939,
        "mean_path_length": 23.774410605430603,
        "mean_reward": -895.0497040821906,
        "mean_steps": 3265.5
      },
      "trajectory_match_summary": {
        "mean_resampled_l2": 5.24418306350708,
        "max_resampled_l2": 12.777643203735352,
        "mean_endpoint_distance": 3.3565706610679626
      },
      "policy_episodes": [
        {
          "success": true,
          "collision": false,
          "timeout": false,
          "goal_dist": 0.6374010443687439,
          "steps": 653,
          "path_length": 15.142045974731445,
          "total_reward": 608.9743034037333,
          "seed": 42
        },
        {
          "success": true,
          "collision": false,
          "timeout": false,
          "goal_dist": 0.6478333473205566,
          "steps": 442,
          "path_length": 17.266294479370117,
          "total_reward": 643.7206226157004,
          "seed": 43
        },
        {
          "success": true,
          "collision": false,
          "timeout": false,
          "goal_dist": 0.6490625739097595,
          "steps": 434,
          "path_length": 17.15263557434082,
          "total_reward": 650.4310201401835,
          "seed": 44
        },
        {
          "success": true,
          "collision": false,
          "timeout": false,
          "goal_dist": 0.646237313747406,
          "steps": 227,
          "path_length": 13.708471298217773,
          "total_reward": 397.02863019767796,
          "seed": 45
        }
      ],
      "equation_episodes": [
        {
          "success": false,
          "collision": true,
          "timeout": false,
          "goal_dist": 7.21193790435791,
          "steps": 102,
          "path_length": 6.710063457489014,
          "total_reward": 100.26213838750803,
          "seed": 42
        },
        {
          "success": false,
          "collision": false,
          "timeout": true,
          "goal_dist": 2.0308151245117188,
          "steps": 4320,
          "path_length": 29.531435012817383,
          "total_reward": -1202.9222660212743,
          "seed": 43
        },
        {
          "success": false,
          "collision": false,
          "timeout": true,
          "goal_dist": 2.0296967029571533,