{
  "mean_reward": 695.2498492560699,
  "std_reward": 32.93589869764125,
  "mean_episode_length": 472.375,
  "std_episode_length": 77.63526502176701,
  "success_rate": 1.0,
  "collision_rate": 0.0,
  "safety_violation_rate": 0.25,
  "timeout_rate": 0.0,
  "mean_path_length": 30.75776634082058,
  "mean_final_goal_dist": 0.6590395644307137,
  "mean_min_collision_clearance": 0.2986956909298897,
  "mean_min_safety_clearance": 0.04869569092988968,
  "success_mean_reward": 695.2498492560699,
  "success_mean_episode_length": 472.375,
  "timesteps": 1025000,
  "curriculum_stage": 4
}